Workbook

Sheet Partidas
A1: Evento | B1: Fecha | C1: Partida | D1: Jugador 1 | E1: Jugador 2 | F1: Jugador 3 | G1: Jugador 4 | H1: Jugador 5 | I1: Jugador 6 | J1: Total Jugadores | K1: Ubicación | L1: Grand Slam
A2: 1 | B2: 45294 | C2: 1 | D2: Gallo | E2: Ivo | F2: Max | G2: Sofi | H2: Gaspa | J2: =+COUNTA(D2:I2) -> 5 | K2: Ivo
A3: 1 | B3: 45294 | C3: 2 | D3: Gallo | E3: Ivo | F3: Max | G3: Sofi | H3: Gaspa | J3: =+COUNTA(D3:I3) -> 5 | K3: Ivo
A4: 1 | B4: 45294 | C4: 3 | D4: Gallo | E4: Ivo | F4: Max | G4: Sofi | J4: =+COUNTA(D4:I4) -> 4 | K4: Ivo
A5: 2 | B5: 45297 | C5: 4 | D5: Ivo | E5: Max | F5: Gaspa | G5: Gasta | J5: =+COUNTA(D5:I5) -> 4 | K5: Gaspa
A6: 2 | B6: 45297 | C6: 5 | D6: Ivo | E6: Max | F6: Gaspa | G6: Gasta | H6: Rodri | J6: =+COUNTA(D6:I6) -> 5 | K6: Gaspa
A7: 2 | B7: 45297 | C7: 6 | D7: Gallo | E7: Ivo | F7: Max | G7: Gasta | J7: =+COUNTA(D7:I7) -> 4 | K7: Gaspa
A8: 2 | B8: 45297 | C8: 7 | D8: Gallo | E8: Ivo | F8: Max | G8: Gaspa | H8: Gasta | J8: =+COUNTA(D8:I8) -> 5 | K8: Gaspa
A9: 2 | B9: 45297 | C9: 8 | D9: Gallo | E9: Ivo | F9: Max | G9: Gaspa | H9: Gasta | J9: =+COUNTA(D9:I9) -> 5 | K9: Gaspa
A10: 3 | B10: 45304 | C10: =C9+1 -> 9 | D10: Gallo | E10: Ivo | F10: Gaspa | G10: Rodri | J10: =+COUNTA(D10:I10) -> 4 | K10: Gaspa
A11: 3 | B11: 45304 | C11: =C10+1 -> 10 | D11: Gallo | E11: Ivo | F11: Gaspa | G11: Hugo | H11: Rodri | J11: =+COUNTA(D11:I11) -> 5 | K11: Gaspa
A12: 3 | B12: 45304 | C12: =C11+1 -> 11 | D12: Gallo | E12: Ivo | F12: Gaspa | G12: Hugo | H12: Rodri | I12: Sofi | J12: =+COUNTA(D12:I12) -> 6 | K12: Gaspa
A13: 3 | B13: 45304 | C13: =C12+1 -> 12 | D13: Gallo | E13: Ivo | F13: Gaspa | G13: Hugo | H13: Rodri | I13: Sofi | J13: =+COUNTA(D13:I13) -> 6 | K13: Gaspa
A14: 3 | B14: 45304 | C14: =C13+1 -> 13 | D14: Gallo | E14: Ivo | F14: Gaspa | G14: Hugo | H14: Rodri | I14: Sofi | J14: =+COUNTA(D14:I14) -> 6 | K14: Gaspa
A15: 3 | B15: 45304 | C15: 14 | D15: Gallo | E15: Ivo | F15: Gaspa | G15: Sofi | J15: =+COUNTA(D15:I15) -> 4 | K15: Gaspa
A16: 4 | B16: 45310 | C16: 15 | D16: Gallo | E16: Ivo | F16: Hugo | G16: Sofi | J16: =+COUNTA(D16:I16) -> 4 | K16: Ivo
A17: 4 | B17: 45310 | C17: 16 | D17: Gallo | E17: Ivo | F17: Hugo | G17: Sofi | J17: =+COUNTA(D17:I17) -> 4 | K17: Ivo
A18: 5 | B18: 45315 | C18: 17 | D18: Ivo | E18: Hugo | F18: Gaspa | G18: Max | J18: =+COUNTA(D18:I18) -> 4 | K18: Ivo
A19: 5 | B19: 45315 | C19: 18 | D19: Ivo | E19: Hugo | F19: Gaspa | G19: Max | J19: =+COUNTA(D19:I19) -> 4 | K19: Ivo
A20: 5 | B20: 45315 | C20: 19 | D20: Ivo | E20: Hugo | F20: Gaspa | G20: Max | J20: =+COUNTA(D20:I20) -> 4 | K20: Ivo
A21: 6 | B21: 45325 | C21: 20 | D21: Gallo | E21: Max | F21: Gaspa | G21: Hugo | H21: Ivo | I21: Rodri | J21: =+COUNTA(D21:I21) -> 6 | K21: Hugo
A22: 6 | B22: 45325 | C22: 21 | D22: Hugo | E22: Ivo | F22: Max | G22: Rodri | H22: Cami (prima Hugo) | J22: =+COUNTA(D22:I22) -> 5 | K22: Hugo
A23: 6 | B23: 45325 | C23: 22 | D23: Gallo | E23: Ivo | F23: Max | G23: Gaspa | J23: =+COUNTA(D23:I23) -> 4 | K23: Hugo
A24: 7 | B24: 45332 | C24: 23 | D24: Gallo | E24: Gaspa | F24: Max | G24: Hugo | J24: =+COUNTA(D24:I24) -> 4 | K24: Max
A25: 7 | B25: 45332 | C25: 24 | D25: Gallo | E25: Gaspa | F25: Max | G25: Hugo | J25: =+COUNTA(D25:I25) -> 4 | K25: Max
A26: 7 | B26: 45332 | C26: 25 | D26: Gallo | E26: Gaspa | F26: Max | G26: Hugo | J26: =+COUNTA(D26:I26) -> 4 | K26: Max
A27: 7 | B27: 45332 | C27: 26 | D27: Gallo | E27: Gaspa | F27: Max | G27: Hugo | J27: =+COUNTA(D27:I27) -> 4 | K27: Max
A28: 7 | B28: 45332 | C28: 27 | D28: Gallo | E28: Gaspa | F28: Max | G28: Hugo | J28: =+COUNTA(D28:I28) -> 4 | K28: Max
A29: 8 | B29: 45339 | C29: 28 | D29: Gallo | E29: Gaspa | F29: Max | G29: Sofi | J29: =+COUNTA(D29:I29) -> 4 | K29: Hugo
A30: 8 | B30: 45339 | C30: 29 | D30: Ivo | E30: Hugo | F30: Moch | G30: Rodri | H30: Beto | J30: =+COUNTA(D30:I30) -> 5 | K30: Hugo
A31: 8 | B31: 45339 | C31: 30 | D31: Gallo | E31: Gaspa | F31: Max | G31: Sofi | J31: =+COUNTA(D31:I31) -> 4 | K31: Hugo
A32: 8 | B32: 45339 | C32: 31 | D32: Gallo | E32: Ivo | F32: Hugo | G32: Sofi | H32: Max | I32: Rodri | J32: =+COUNTA(D32:I32) -> 6 | K32: Hugo
A33: 8 | B33: 45339 | C33: 32 | D33: Gallo | E33: Max | F33: Hugo | G33: Sofi | J33: =+COUNTA(D33:I33) -> 4 | K33: Hugo
A34: 9 | B34: 45343 | C34: 33 | D34: Gallo | E34: Max | F34: Hugo | G34: Ivo | H34: Rodri | J34: =+COUNTA(D34:I34) -> 5 | K34: Hugo
A35: 9 | B35: 45343 | C35: 34 | D35: Gallo | E35: Max | F35: Hugo | G35: Ivo | H35: Rodri | J35: =+COUNTA(D35:I35) -> 5 | K35: Hugo
A36: 10 | B36: 45347 | C36: 35 | D36: Gallo | E36: Max | F36: Hugo | G36: Ivo | H36: Sofi | J36: =+COUNTA(D36:I36) -> 5 | K36: Hugo
A37: 10 | B37: 45347 | C37: 36 | D37: Gallo | E37: Max | F37: Hugo | G37: Ivo | J37: =+COUNTA(D37:I37) -> 4 | K37: Hugo
A38: 10 | B38: 45347 | C38: 37 | D38: Gallo | E38: Max | F38: Hugo | G38: Ivo | J38: =+COUNTA(D38:I38) -> 4 | K38: Hugo
A39: 10 | B39: 45347 | C39: 38 | D39: Gallo | E39: Max | F39: Hugo | G39: Ivo | J39: =+COUNTA(D39:I39) -> 4 | K39: Hugo
A40: 11 | B40: 45353 | C40: 39 | D40: Gallo | E40: Max | F40: Hugo | G40: Sofi | J40: =+COUNTA(D40:I40) -> 4 | K40: Gallo
A41: 11 | B41: 45353 | C41: 40 | D41: Gallo | E41: Max | F41: Hugo | G41: Sofi | J41: =+COUNTA(D41:I41) -> 4 | K41: Gallo
A42: 11 | B42: 45353 | C42: 41 | D42: Gallo | E42: Max | F42: Hugo | G42: Sofi | J42: =+COUNTA(D42:I42) -> 4 | K42: Gallo
A43: 11 | B43: 45353 | C43: 42 | D43: Gallo | E43: Max | F43: Hugo | G43: Sofi | J43: =+COUNTA(D43:I43) -> 4 | K43: Gallo
A44: 11 | B44: 45353 | C44: 43 | D44: Gallo | E44: Max | F44: Hugo | G44: Sofi | H44: Ivo | J44: =+COUNTA(D44:I44) -> 5 | K44: Gallo
A45: 11 | B45: 45353 | C45: 44 | D45: Gallo | E45: Max | F45: Hugo | G45: Sofi | H45: Ivo | J45: =+COUNTA(D45:I45) -> 5 | K45: Gallo
A46: 11 | B46: 45353 | C46: 45 | D46: Gallo | E46: Max | F46: Hugo | G46: Sofi | H46: Ivo | J46: =+COUNTA(D46:I46) -> 5 | K46: Gallo
A47: 12 | B47: 45357 | C47: 46 | D47: Gallo | E47: Max | F47: Hugo | G47: Ivo | H47: Gaspa | I47: Beto | J47: =+COUNTA(D47:I47) -> 6 | K47: Ivo
A48: 13 | B48: 45360 | C48: 47 | D48: Gallo | E48: Max | F48: Hugo | G48: Ivo | H48: Gaspa | I48: Moch | J48: =+COUNTA(D48:I48) -> 6 | K48: Hugo
A49: 13 | B49: 45360 | C49: 48 | D49: Gallo | E49: Max | F49: Hugo | G49: Ivo | H49: Gaspa | I49: Moch | J49: =+COUNTA(D49:I49) -> 6 | K49: Hugo
A50: 13 | B50: 45360 | C50: 49 | D50: Gallo | E50: Max | F50: Hugo | G50: Ivo | H50: Gaspa | I50: Moch | J50: =+COUNTA(D50:I50) -> 6 | K50: Hugo
A51: 13 | B51: 45360 | C51: 50 | D51: Gallo | E51: Max | F51: Hugo | G51: Gaspa | H51: Moch | J51: =+COUNTA(D51:I51) -> 5 | K51: Hugo
A52: 14 | B52: 45363 | C52: 51 | D52: Gallo | E52: Max | F52: Hugo | G52: Rodri | H52: Ivo | J52: =+COUNTA(D52:I52) -> 5 | K52: Gallo
A53: 14 | B53: 45363 | C53: 52 | D53: Gallo | E53: Max | F53: Hugo | G53: Rodri | H53: Ivo | J53: =+COUNTA(D53:I53) -> 5 | K53: Gallo
A54: 14 | B54: 45363 | C54: 53 | D54: Gallo | E54: Max | F54: Hugo | G54: Rodri | H54: Ivo | J54: =+COUNTA(D54:I54) -> 5 | K54: Gallo
A55: 15 | B55: 45373 | C55: 54 | D55: Gallo | E55: Max | F55: Hugo | G55: Gaspa | J55: =+COUNTA(D55:I55) -> 4 | K55: Hugo
A56: 15 | B56: 45373 | C56: 55 | D56: Gallo | E56: Max | F56: Hugo | G56: Gaspa | J56: =+COUNTA(D56:I56) -> 4 | K56: Hugo
A57: 15 | B57: 45373 | C57: 56 | D57: Gallo | E57: Max | F57: Hugo | G57: Gaspa | J57: =+COUNTA(D57:I57) -> 4 | K57: Hugo
A58: 16 | B58: 45375 | C58: 57 | D58: Gallo | E58: Max | F58: Ivo | G58: Sofi | J58: =+COUNTA(D58:I58) -> 4 | K58: Gallo
A59: 16 | B59: 45375 | C59: 58 | D59: Gallo | E59: Max | F59: Ivo | G59: Sofi | J59: =+COUNTA(D59:I59) -> 4 | K59: Gallo
A60: 16 | B60: 45375 | C60: 59 | D60: Gallo | E60: Max | F60: Ivo | G60: Sofi | J60: =+COUNTA(D60:I60) -> 4 | K60: Gallo
A61: 17 | B61: 45379 | C61: 60 | D61: Gallo | E61: Max | F61: Ivo | G61: Gaspa | H61: Hugo | J61: =+COUNTA(D61:I61) -> 5 | K61: Ivo
A62: 17 | B62: 45379 | C62: 61 | D62: Gallo | E62: Max | F62: Ivo | G62: Gaspa | H62: Hugo | J62: =+COUNTA(D62:I62) -> 5 | K62: Ivo
A63: 17 | B63: 45379 | C63: 62 | D63: Gallo | E63: Max | F63: Ivo | G63: Gaspa | H63: Hugo | J63: =+COUNTA(D63:I63) -> 5 | K63: Ivo
A64: 17 | B64: 45379 | C64: 63 | D64: Gallo | E64: Max | F64: Ivo | G64: Gaspa | H64: Hugo | J64: =+COUNTA(D64:I64) -> 5 | K64: Ivo
A65: 18 | B65: 45382 | C65: 64 | D65: Gallo | E65: Max | F65: Gaspa | G65: Moch | J65: =+COUNTA(D65:I65) -> 4 | K65: Max
A66: 18 | B66: 45382 | C66: 65 | D66: Gallo | E66: Max | F66: Gaspa | G66: Ivo | H66: Moch | J66: =+COUNTA(D66:I66) -> 5 | K66: Max
A67: 18 | B67: 45382 | C67: 66 | D67: Gallo | E67: Max | F67: Gaspa | G67: Ivo | H67: Moch | J67: =+COUNTA(D67:I67) -> 5 | K67: Max
A68: 18 | B68: 45382 | C68: 67 | D68: Gallo | E68: Max | F68: Gaspa | G68: Ivo | H68: Moch | J68: =+COUNTA(D68:I68) -> 5 | K68: Max
A69: 19 | B69: 45390 | C69: 68 | D69: Gallo | E69: Max | F69: Hugo | G69: Ivo | J69: =+COUNTA(D69:I69) -> 4 | K69: Hugo
A70: 19 | B70: 45390 | C70: 69 | D70: Gallo | E70: Max | F70: Hugo | G70: Ivo | J70: =+COUNTA(D70:I70) -> 4 | K70: Hugo
A71: 19 | B71: 45390 | C71: 70 | D71: Gallo | E71: Max | F71: Hugo | G71: Ivo | J71: =+COUNTA(D71:I71) -> 4 | K71: Hugo
A72: 19 | B72: 45390 | C72: 71 | D72: Gallo | E72: Max | F72: Hugo | G72: Ivo | J72: =+COUNTA(D72:I72) -> 4 | K72: Hugo
A73: 20 | B73: 45394 | C73: 72 | D73: Gallo | E73: Max | F73: Hugo | G73: Ivo | H73: Gaspa | J73: =+COUNTA(D73:I73) -> 5 | K73: Max | L73: GS
A74: 20 | B74: 45394 | C74: 73 | D74: Gallo | E74: Max | F74: Hugo | G74: Ivo | H74: Gaspa | J74: =+COUNTA(D74:I74) -> 5 | K74: Max | L74: GS
A75: 20 | B75: 45394 | C75: 74 | D75: Gallo | E75: Max | F75: Hugo | G75: Ivo | H75: Gaspa | J75: =+COUNTA(D75:I75) -> 5 | K75: Max | L75: GS
A76: 21 | B76: 45397 | C76: 75 | D76: Gallo | E76: Max | F76: Ivo | G76: Rodri | J76: =+COUNTA(D76:I76) -> 4 | K76: Ivo
A77: 21 | B77: 45397 | C77: 76 | D77: Gallo | E77: Max | F77: Ivo | G77: Rodri | J77: =+COUNTA(D77:I77) -> 4 | K77: Ivo
A78: 21 | B78: 45397 | C78: 77 | D78: Gallo | E78: Max | F78: Ivo | G78: Rodri | J78: =+COUNTA(D78:I78) -> 4 | K78: Ivo
A79: 22 | B79: 45399 | C79: 78 | D79: Gallo | E79: Max | F79: Ivo | G79: Hugo | H79: Gaspa | I79: Moch | J79: =+COUNTA(D79:I79) -> 6 | K79: Hugo
A80: 22 | B80: 45399 | C80: 79 | D80: Gallo | E80: Max | F80: Ivo | G80: Hugo | H80: Gaspa | I80: Moch | J80: =+COUNTA(D80:I80) -> 6 | K80: Hugo
A81: 23 | B81: 45408 | C81: 80 | D81: Gallo | E81: Max | F81: Ivo | G81: Gaspa | H81: Rodri | J81: =+COUNTA(D81:I81) -> 5 | K81: Ivo
A82: 23 | B82: 45408 | C82: 81 | D82: Gallo | E82: Max | F82: Ivo | G82: Gaspa | H82: Rodri | J82: =+COUNTA(D82:I82) -> 5 | K82: Ivo
A83: 23 | B83: 45408 | C83: 82 | D83: Gallo | E83: Max | F83: Ivo | G83: Gaspa | H83: Rodri | J83: =+COUNTA(D83:I83) -> 5 | K83: Ivo
A84: 23 | B84: 45408 | C84: 83 | D84: Gallo | E84: Max | F84: Ivo | G84: Gaspa | J84: =+COUNTA(D84:I84) -> 4 | K84: Ivo
A85: 23 | B85: 45408 | C85: 84 | D85: Gallo | E85: Max | F85: Ivo | G85: Gaspa | J85: =+COUNTA(D85:I85) -> 4 | K85: Ivo
A86: 24 | B86: 45412 | C86: 85 | D86: Gallo | E86: Ivo | F86: Gaspa | G86: Hugo | H86: Rodri | J86: =+COUNTA(D86:I86) -> 5 | K86: Hugo
A87: 24 | B87: 45412 | C87: 86 | D87: Gallo | E87: Ivo | F87: Gaspa | G87: Hugo | H87: Rodri | J87: =+COUNTA(D87:I87) -> 5 | K87: Hugo
A88: 24 | B88: 45412 | C88: 87 | D88: Gallo | E88: Ivo | F88: Gaspa | G88: Hugo | H88: Rodri | J88: =+COUNTA(D88:I88) -> 5 | K88: Hugo
A89: 25 | B89: 45415 | C89: 88 | D89: Ivo | E89: Max | F89: Gaspa | G89: Hugo | J89: =+COUNTA(D89:I89) -> 4 | K89: Max
A90: 25 | B90: 45415 | C90: 89 | D90: Ivo | E90: Max | F90: Gaspa | G90: Hugo | J90: =+COUNTA(D90:I90) -> 4 | K90: Max
A91: 25 | B91: 45415 | C91: 90 | D91: Ivo | E91: Max | F91: Gaspa | G91: Hugo | J91: =+COUNTA(D91:I91) -> 4 | K91: Max
A92: 26 | B92: 45419 | C92: 91 | D92: Ivo | E92: Max | F92: Hugo | G92: Rodri | J92: =+COUNTA(D92:I92) -> 4 | K92: Hugo
A93: 26 | B93: 45419 | C93: 92 | D93: Ivo | E93: Max | F93: Hugo | G93: Rodri | J93: =+COUNTA(D93:I93) -> 4 | K93: Hugo
A94: 26 | B94: 45419 | C94: 93 | D94: Ivo | E94: Max | F94: Hugo | G94: Rodri | J94: =+COUNTA(D94:I94) -> 4 | K94: Hugo
A95: 27 | B95: 45427 | C95: 94 | D95: Ivo | E95: Max | F95: Hugo | G95: Gaspa | H95: Rodri | J95: =+COUNTA(D95:I95) -> 5 | K95: Ivo
A96: 27 | B96: 45427 | C96: 95 | D96: Ivo | E96: Max | F96: Hugo | G96: Gaspa | H96: Rodri | J96: =+COUNTA(D96:I96) -> 5 | K96: Ivo
A97: 27 | B97: 45427 | C97: 96 | D97: Ivo | E97: Max | F97: Hugo | G97: Gaspa | H97: Rodri | J97: =+COUNTA(D97:I97) -> 5 | K97: Ivo
A98: 28 | B98: 45435 | C98: 97 | D98: Gallo | E98: Ivo | F98: Hugo | G98: Rodri | J98: =+COUNTA(D98:I98) -> 4 | K98: Hugo
A99: 28 | B99: 45435 | C99: 98 | D99: Gallo | E99: Ivo | F99: Hugo | G99: Rodri | J99: =+COUNTA(D99:I99) -> 4 | K99: Hugo
A100: 28 | B100: 45435 | C100: 99 | D100: Gallo | E100: Ivo | F100: Hugo | G100: Rodri | J100: =+COUNTA(D100:I100) -> 4 | K100: Hugo
...

Sheet Resultados legacy
C1: Partida 1 (3/1) | G1: Partida 2 | M1: Partida 3 | R1: Partida 1 (6/1) | X1: Partida 2 (6/1) | AC1: Partida 3 (6/1) | AH1: Partida 4 (6/1) | AM1: Partida 4 (6/1)
B2: Jugadores | C2: Puntos tablero | D2: Ejército más grande | E2: Camino más largo | F2: PV | G2: Puntos totales | H2: Puntos tablero | I2: Ejército más grande | J2: Camino más largo | K2: PV | L2: Puntos totales | M2: Puntos tablero | N2: Ejército más grande | O2: Camino más largo | P2: PV | Q2: Puntos totales | R2: puntos tablero | S2: ejército más grande | T2: camino más largo | U2: pv | V2: puntos total | X2: puntos tablero | Y2: ejército más grande | Z2: camino más largo | AA2: pv | AB2: puntos total | AC2: puntos tablero | AD2: ejército más grande | AE2: camino más largo | AF2: pv | AG2: puntos total | AH2: puntos tablero | AI2: ejército más grande | AJ2: camino más largo | AK2: pv | AL2: puntos total | AM2: puntos tablero | AN2: ejército más grande | AO2: camino más largo | AP2: pv | AQ2: puntos total
B3: Gallo | C3: 6 | G3: =SUM(C3,F3)+SUM(D3:E3)*2 -> 6 | H3: 6 | L3: =SUM(H3,K3)+SUM(I3:J3)*2 -> 6 | M3: 7 | N3: 1 | P3: 1 | Q3: =SUM(M3,P3)+SUM(N3:O3)*2 -> 10 | V3: 0 | AB3: 0 | AC3: 7 | AF3: 3 | AG3: 10 | AH3: 7 | AJ3: 1 | AK3: 1 | AL3: 10 | AM3: 5 | AQ3: 5
B4: Ivo | C4: 5 | D4: 1 | G4: =SUM(C4,F4)+SUM(D4:E4)*2 -> 7 | H4: 7 | J4: 1 | K4: 1 | L4: =SUM(H4,K4)+SUM(I4:J4)*2 -> 10 | M4: 6 | O4: 1 | Q4: =SUM(M4,P4)+SUM(N4:O4)*2 -> 8 | R4: 6 | S4: 1 | U4: 2 | V4: 10 | X4: 4 | AB4: 4 | AC4: 5 | AE4: 1 | AG4: 7 | AH4: 4 | AK4: 1 | AL4: 5 | AM4: 7 | AN4: 1 | AP4: 1 | AQ4: 10
B5: Max | C5: 7 | G5: =SUM(C5,F5)+SUM(D5:E5)*2 -> 7 | H5: 7 | L5: =SUM(H5,K5)+SUM(I5:J5)*2 -> 7 | M5: 5 | Q5: =SUM(M5,P5)+SUM(N5:O5)*2 -> 5 | R5: 6 | V5: 6 | X5: 8 | Z5: 1 | AB5: 10 | AC5: 8 | AG5: 8 | AH5: 7 | AL5: 7 | AM5: 8 | AQ5: 8
B6: Sofi | C6: 7 | F6: 1 | G6: =SUM(C6,F6)+SUM(D6:E6)*2 -> 8 | H6: 7 | I6: 1 | L6: =SUM(H6,K6)+SUM(I6:J6)*2 -> 9 | M6: 9 | Q6: =SUM(M6,P6)+SUM(N6:O6)*2 -> 9 | V6: 0 | AB6: 0 | AG6: 0 | AL6: 8 | AQ6: 0
B7: Gaspa | C7: 8 | E7: 1 | G7: =SUM(C7,F7)+SUM(D7:E7)*2 -> 10 | H7: 7 | L7: =SUM(H7,K7)+SUM(I7:J7)*2 -> 7 | Q7: =SUM(M7,P7)+SUM(N7:O7)*2 -> 0 | R7: 7 | T7: 1 | V7: 9 | X7: 5 | AB7: 5 | AG7: 0 | AH7: 5 | AI7: 1 | AK7: 1 | AL7: 5 | AM7: 4 | AQ7: 4
B8: Gasta | R8: 4 | U8: 2 | V8: 6 | X8: 6 | AA8: 1 | AB8: 7 | AC8: 5 | AG8: 5 | AH8: 5 | AL8: 0 | AM8: 6 | AO8: 1 | AQ8: 8
B9: Rodri | V9: 0 | X9: 5 | Y9: 1 | AA9: 1 | AB9: 8 | AG9: 0 | AL9: 0 | AQ9: 0
V10: 0 | AB10: 0 | AG10: 0 | AL10: 0 | AQ10: 0

Sheet Resultados dashboard
A1: Fecha | B1: Partida | C1: Jugadores | D1: Puntos tablero | E1: PV | F1: Ejército más grande | G1: Camino más largo | H1: Puntos totales | I1: Rank por partida | J1: Penalidad
A2: 45294 | B2: 1 | C2: Gallo | D2: 6 | H2: =+SUM(D2:E2)+2*SUM(F2:G2)+J2 -> 6 | I2: =COUNTIFS($B$2:$B$1075,B2,$H$2:$H$1075,">" & H2)+1 -> 5
A3: 45294 | B3: 1 | C3: Ivo | D3: 5 | F3: 1 | H3: =+SUM(D3:E3)+2*SUM(F3:G3)+J3 -> 7 | I3: =COUNTIFS($B$2:$B$1075,B3,$H$2:$H$1075,">" & H3)+1 -> 3
A4: 45294 | B4: 1 | C4: Max | D4: 7 | H4: =+SUM(D4:E4)+2*SUM(F4:G4)+J4 -> 7 | I4: =COUNTIFS($B$2:$B$1075,B4,$H$2:$H$1075,">" & H4)+1 -> 3
A5: 45294 | B5: 1 | C5: Sofi | D5: 7 | E5: 1 | H5: =+SUM(D5:E5)+2*SUM(F5:G5)+J5 -> 8 | I5: =COUNTIFS($B$2:$B$1075,B5,$H$2:$H$1075,">" & H5)+1 -> 2
A6: 45294 | B6: 1 | C6: Gaspa | D6: 8 | G6: 1 | H6: =+SUM(D6:E6)+2*SUM(F6:G6)+J6 -> 10 | I6: =COUNTIFS($B$2:$B$1075,B6,$H$2:$H$1075,">" & H6)+1 -> 1
A7: 45294 | B7: 2 | C7: Gallo | D7: 6 | H7: =+SUM(D7:E7)+2*SUM(F7:G7)+J7 -> 6 | I7: =COUNTIFS($B$2:$B$1075,B7,$H$2:$H$1075,">" & H7)+1 -> 5
A8: 45294 | B8: 2 | C8: Ivo | D8: 7 | E8: 1 | G8: 1 | H8: =+SUM(D8:E8)+2*SUM(F8:G8)+J8 -> 10 | I8: =COUNTIFS($B$2:$B$1075,B8,$H$2:$H$1075,">" & H8)+1 -> 1
A9: 45294 | B9: 2 | C9: Max | D9: 7 | H9: =+SUM(D9:E9)+2*SUM(F9:G9)+J9 -> 7 | I9: =COUNTIFS($B$2:$B$1075,B9,$H$2:$H$1075,">" & H9)+1 -> 3
A10: 45294 | B10: 2 | C10: Sofi | D10: 7 | F10: 1 | H10: =+SUM(D10:E10)+2*SUM(F10:G10)+J10 -> 9 | I10: =COUNTIFS($B$2:$B$1075,B10,$H$2:$H$1075,">" & H10)+1 -> 2
A11: 45294 | B11: 2 | C11: Gaspa | D11: 7 | H11: =+SUM(D11:E11)+2*SUM(F11:G11)+J11 -> 7 | I11: =COUNTIFS($B$2:$B$1075,B11,$H$2:$H$1075,">" & H11)+1 -> 3
A12: 45294 | B12: 3 | C12: Gallo | D12: 7 | E12: 1 | F12: 1 | H12: =+SUM(D12:E12)+2*SUM(F12:G12)+J12 -> 10 | I12: =COUNTIFS($B$2:$B$1075,B12,$H$2:$H$1075,">" & H12)+1 -> 1
A13: 45294 | B13: 3 | C13: Ivo | D13: 6 | G13: 1 | H13: =+SUM(D13:E13)+2*SUM(F13:G13)+J13 -> 8 | I13: =COUNTIFS($B$2:$B$1075,B13,$H$2:$H$1075,">" & H13)+1 -> 3
A14: 45294 | B14: 3 | C14: Max | D14: 5 | H14: =+SUM(D14:E14)+2*SUM(F14:G14)+J14 -> 5 | I14: =COUNTIFS($B$2:$B$1075,B14,$H$2:$H$1075,">" & H14)+1 -> 4
A15: 45294 | B15: 3 | C15: Sofi | D15: 9 | H15: =+SUM(D15:E15)+2*SUM(F15:G15)+J15 -> 9 | I15: =COUNTIFS($B$2:$B$1075,B15,$H$2:$H$1075,">" & H15)+1 -> 2
A16: 45297 | B16: 4 | C16: Ivo | D16: 6 | E16: 2 | F16: 1 | H16: =+SUM(D16:E16)+2*SUM(F16:G16)+J16 -> 10 | I16: =COUNTIFS($B$2:$B$1075,B16,$H$2:$H$1075,">" & H16)+1 -> 1
A17: 45297 | B17: 4 | C17: Max | D17: 6 | H17: =+SUM(D17:E17)+2*SUM(F17:G17)+J17 -> 6 | I17: =COUNTIFS($B$2:$B$1075,B17,$H$2:$H$1075,">" & H17)+1 -> 3
A18: 45297 | B18: 4 | C18: Gaspa | D18: 7 | G18: 1 | H18: =+SUM(D18:E18)+2*SUM(F18:G18)+J18 -> 9 | I18: =COUNTIFS($B$2:$B$1075,B18,$H$2:$H$1075,">" & H18)+1 -> 2
A19: 45297 | B19: 4 | C19: Gasta | D19: 4 | E19: 2 | H19: =+SUM(D19:E19)+2*SUM(F19:G19)+J19 -> 6 | I19: =COUNTIFS($B$2:$B$1075,B19,$H$2:$H$1075,">" & H19)+1 -> 3
A20: 45297 | B20: 5 | C20: Ivo | D20: 4 | H20: =+SUM(D20:E20)+2*SUM(F20:G20)+J20 -> 4 | I20: =COUNTIFS($B$2:$B$1075,B20,$H$2:$H$1075,">" & H20)+1 -> 5
A21: 45297 | B21: 5 | C21: Max | D21: 8 | G21: 1 | H21: =+SUM(D21:E21)+2*SUM(F21:G21)+J21 -> 10 | I21: =COUNTIFS($B$2:$B$1075,B21,$H$2:$H$1075,">" & H21)+1 -> 1
A22: 45297 | B22: 5 | C22: Gaspa | D22: 5 | H22: =+SUM(D22:E22)+2*SUM(F22:G22)+J22 -> 5 | I22: =COUNTIFS($B$2:$B$1075,B22,$H$2:$H$1075,">" & H22)+1 -> 4
A23: 45297 | B23: 5 | C23: Gasta | D23: 6 | E23: 1 | H23: =+SUM(D23:E23)+2*SUM(F23:G23)+J23 -> 7 | I23: =COUNTIFS($B$2:$B$1075,B23,$H$2:$H$1075,">" & H23)+1 -> 3
A24: 45297 | B24: 5 | C24: Rodri | D24: 5 | E24: 1 | F24: 1 | H24: =+SUM(D24:E24)+2*SUM(F24:G24)+J24 -> 8 | I24: =COUNTIFS($B$2:$B$1075,B24,$H$2:$H$1075,">" & H24)+1 -> 2
A25: 45297 | B25: 6 | C25: Gallo | D25: 7 | E25: 3 | H25: =+SUM(D25:E25)+2*SUM(F25:G25)+J25 -> 10 | I25: =COUNTIFS($B$2:$B$1075,B25,$H$2:$H$1075,">" & H25)+1 -> 1
A26: 45297 | B26: 6 | C26: Ivo | D26: 5 | G26: 1 | H26: =+SUM(D26:E26)+2*SUM(F26:G26)+J26 -> 7 | I26: =COUNTIFS($B$2:$B$1075,B26,$H$2:$H$1075,">" & H26)+1 -> 3
A27: 45297 | B27: 6 | C27: Max | D27: 8 | H27: =+SUM(D27:E27)+2*SUM(F27:G27)+J27 -> 8 | I27: =COUNTIFS($B$2:$B$1075,B27,$H$2:$H$1075,">" & H27)+1 -> 2
A28: 45297 | B28: 6 | C28: Gasta | D28: 5 | H28: =+SUM(D28:E28)+2*SUM(F28:G28)+J28 -> 5 | I28: =COUNTIFS($B$2:$B$1075,B28,$H$2:$H$1075,">" & H28)+1 -> 4
A29: 45297 | B29: 7 | C29: Gallo | D29: 7 | E29: 1 | G29: 1 | H29: =+SUM(D29:E29)+2*SUM(F29:G29)+J29 -> 10 | I29: =COUNTIFS($B$2:$B$1075,B29,$H$2:$H$1075,">" & H29)+1 -> 1
A30: 45297 | B30: 7 | C30: Ivo | D30: 4 | E30: 1 | H30: =+SUM(D30:E30)+2*SUM(F30:G30)+J30 -> 5 | I30: =COUNTIFS($B$2:$B$1075,B30,$H$2:$H$1075,">" & H30)+1 -> 4
A31: 45297 | B31: 7 | C31: Max | D31: 7 | H31: =+SUM(D31:E31)+2*SUM(F31:G31)+J31 -> 7 | I31: =COUNTIFS($B$2:$B$1075,B31,$H$2:$H$1075,">" & H31)+1 -> 3
A32: 45297 | B32: 7 | C32: Gaspa | D32: 5 | E32: 1 | F32: 1 | H32: =+SUM(D32:E32)+2*SUM(F32:G32)+J32 -> 8 | I32: =COUNTIFS($B$2:$B$1075,B32,$H$2:$H$1075,">" & H32)+1 -> 2
A33: 45297 | B33: 7 | C33: Gasta | D33: 5 | H33: =+SUM(D33:E33)+2*SUM(F33:G33)+J33 -> 5 | I33: =COUNTIFS($B$2:$B$1075,B33,$H$2:$H$1075,">" & H33)+1 -> 4
A34: 45297 | B34: 8 | C34: Gallo | D34: 5 | H34: =+SUM(D34:E34)+2*SUM(F34:G34)+J34 -> 5 | I34: =COUNTIFS($B$2:$B$1075,B34,$H$2:$H$1075,">" & H34)+1 -> 4
A35: 45297 | B35: 8 | C35: Ivo | D35: 7 | E35: 1 | F35: 1 | H35: =+SUM(D35:E35)+2*SUM(F35:G35)+J35 -> 10 | I35: =COUNTIFS($B$2:$B$1075,B35,$H$2:$H$1075,">" & H35)+1 -> 1
A36: 45297 | B36: 8 | C36: Max | D36: 8 | H36: =+SUM(D36:E36)+2*SUM(F36:G36)+J36 -> 8 | I36: =COUNTIFS($B$2:$B$1075,B36,$H$2:$H$1075,">" & H36)+1 -> 2
A37: 45297 | B37: 8 | C37: Gaspa | D37: 4 | H37: =+SUM(D37:E37)+2*SUM(F37:G37)+J37 -> 4 | I37: =COUNTIFS($B$2:$B$1075,B37,$H$2:$H$1075,">" & H37)+1 -> 5
A38: 45297 | B38: 8 | C38: Gasta | D38: 6 | G38: 1 | H38: =+SUM(D38:E38)+2*SUM(F38:G38)+J38 -> 8 | I38: =COUNTIFS($B$2:$B$1075,B38,$H$2:$H$1075,">" & H38)+1 -> 2
A39: {=+INDEX(Partidas!$A:$J,MATCH('Resultados dashboard'!$B39,Partidas!$C:$C,0),2)} -> 45304 | B39: =+IF(COUNTIF($B$2:B38,B38)=VLOOKUP(B38,Partidas!$C:$J,8,0),B38+1,B38) -> 9 | C39: {=+INDEX(Partidas!$A:$J,MATCH('Resultados dashboard'!$B39,Partidas!$C:$C,0),3+COUNTIF($B$2:B39,'Resultados dashboard'!$B39))} -> Gallo | D39: 6 | F39: 1 | H39: =+SUM(D39:E39)+2*SUM(F39:G39)+J39 -> 8 | I39: =COUNTIFS($B$2:$B$1075,B39,$H$2:$H$1075,">" & H39)+1 -> 2
A40: {=+INDEX(Partidas!$A:$J,MATCH('Resultados dashboard'!$B40,Partidas!$C:$C,0),2)} -> 45304 | B40: =+IF(COUNTIF($B$2:B39,B39)=VLOOKUP(B39,Partidas!$C:$J,8,0),B39+1,B39) -> 9 | C40: {=+INDEX(Partidas!$A:$J,MATCH('Resultados dashboard'!$B40,Partidas!$C:$C,0),3+COUNTIF($B$2:B40,'Resultados dashboard'!$B40))} -> Ivo | D40: 5 | E40: 1 | H40: =+SUM(D40:E40)+2*SUM(F40:G40)+J40 -> 6 | I40: =COUNTIFS($B$2:$B$1075,B40,$H$2:$H$1075,">" & H40)+1 -> 3
A41: {=+INDEX(Partidas!$A:$J,MATCH('Resultados dashboard'!$B41,Partidas!$C:$C,0),2)} -> 45304 | B41: =+IF(COUNTIF($B$2:B40,B40)=VLOOKUP(B40,Partidas!$C:$J,8,0),B40+1,B40) -> 9 | C41: {=+INDEX(Partidas!$A:$J,MATCH('Resultados dashboard'!$B41,Partidas!$C:$C,0),3+COUNTIF($B$2:B41,'Resultados dashboard'!$B41))} -> Gaspa | D41: 8 | G41: 1 | H41: =+SUM(D41:E41)+2*SUM(F41:G41)+J41 -> 10 | I41: =COUNTIFS($B$2:$B$1075,B41,$H$2:$H$1075,">" & H41)+1 -> 1
A42: {=+INDEX(Partidas!$A:$J,MATCH('Resultados dashboard'!$B42,Partidas!$C:$C,0),2)} -> 45304 | B42: =+IF(COUNTIF($B$2:B41,B41)=VLOOKUP(B41,Partidas!$C:$J,8,0),B41+1,B41) -> 9 | C42: {=+INDEX(Partidas!$A:$J,MATCH('Resultados dashboard'!$B42,Partidas!$C:$C,0),3+COUNTIF($B$2:B42,'Resultados dashboard'!$B42))} -> Rodri | D42: 5 | H42: =+SUM(D42:E42)+2*SUM(F42:G42)+J42 -> 5 | I42: =COUNTIFS($B$2:$B$1075,B42,$H$2:$H$1075,">" & H42)+1 -> 4
A43: {=+INDEX(Partidas!$A:$J,MATCH('Resultados dashboard'!$B43,Partidas!$C:$C,0),2)} -> 45304 | B43: =+IF(COUNTIF($B$2:B42,B42)=VLOOKUP(B42,Partidas!$C:$J,8,0),B42+1,B42) -> 10 | C43: {=+INDEX(Partidas!$A:$J,MATCH('Resultados dashboard'!$B43,Partidas!$C:$C,0),3+COUNTIF($B$2:B43,'Resultados dashboard'!$B43))} -> Gallo | D43: 7 | E43: 1 | H43: =+SUM(D43:E43)+2*SUM(F43:G43)+J43 -> 8 | I43: =COUNTIFS($B$2:$B$1075,B43,$H$2:$H$1075,">" & H43)+1 -> 2
A44: {=+INDEX(Partidas!$A:$J,MATCH('Resultados dashboard'!$B44,Partidas!$C:$C,0),2)} -> 45304 | B44: =+IF(COUNTIF($B$2:B43,B43)=VLOOKUP(B43,Partidas!$C:$J,8,0),B43+1,B43) -> 10 | C44: {=+INDEX(Partidas!$A:$J,MATCH('Resultados dashboard'!$B44,Partidas!$C:$C,0),3+COUNTIF($B$2:B44,'Resultados dashboard'!$B44))} -> Ivo | D44: 5 | F44: 1 | H44: =+SUM(D44:E44)+2*SUM(F44:G44)+J44 -> 7 | I44: =COUNTIFS($B$2:$B$1075,B44,$H$2:$H$1075,">" & H44)+1 -> 4
A45: {=+INDEX(Partidas!$A:$J,MATCH('Resultados dashboard'!$B45,Partidas!$C:$C,0),2)} -> 45304 | B45: =+IF(COUNTIF($B$2:B44,B44)=VLOOKUP(B44,Partidas!$C:$J,8,0),B44+1,B44) -> 10 | C45: {=+INDEX(Partidas!$A:$J,MATCH('Resultados dashboard'!$B45,Partidas!$C:$C,0),3+COUNTIF($B$2:B45,'Resultados dashboard'!$B45))} -> Gaspa | D45: 6 | G45: 1 | H45: =+SUM(D45:E45)+2*SUM(F45:G45)+J45 -> 8 | I45: =COUNTIFS($B$2:$B$1075,B45,$H$2:$H$1075,">" & H45)+1 -> 2
A46: {=+INDEX(Partidas!$A:$J,MATCH('Resultados dashboard'!$B46,Partidas!$C:$C,0),2)} -> 45304 | B46: =+IF(COUNTIF($B$2:B45,B45)=VLOOKUP(B45,Partidas!$C:$J,8,0),B45+1,B45) -> 10 | C46: {=+INDEX(Partidas!$A:$J,MATCH('Resultados dashboard'!$B46,Partidas!$C:$C,0),3+COUNTIF($B$2:B46,'Resultados dashboard'!$B46))} -> Hugo | D46: 10 | H46: =+SUM(D46:E46)+2*SUM(F46:G46)+J46 -> 10 | I46: =COUNTIFS($B$2:$B$1075,B46,$H$2:$H$1075,">" & H46)+1 -> 1
A47: {=+INDEX(Partidas!$A:$J,MATCH('Resultados dashboard'!$B47,Partidas!$C:$C,0),2)} -> 45304 | B47: =+IF(COUNTIF($B$2:B46,B46)=VLOOKUP(B46,Partidas!$C:$J,8,0),B46+1,B46) -> 10 | C47: {=+INDEX(Partidas!$A:$J,MATCH('Resultados dashboard'!$B47,Partidas!$C:$C,0),3+COUNTIF($B$2:B47,'Resultados dashboard'!$B47))} -> Rodri | D47: 5 | H47: =+SUM(D47:E47)+2*SUM(F47:G47)+J47 -> 5 | I47: =COUNTIFS($B$2:$B$1075,B47,$H$2:$H$1075,">" & H47)+1 -> 5
A48: {=+INDEX(Partidas!$A:$J,MATCH('Resultados dashboard'!$B48,Partidas!$C:$C,0),2)} -> 45304 | B48: =+IF(COUNTIF($B$2:B47,B47)=VLOOKUP(B47,Partidas!$C:$J,8,0),B47+1,B47) -> 11 | C48: {=+INDEX(Partidas!$A:$J,MATCH('Resultados dashboard'!$B48,Partidas!$C:$C,0),3+COUNTIF($B$2:B48,'Resultados dashboard'!$B48))} -> Gallo | D48: 6 | E48: 1 | H48: =+SUM(D48:E48)+2*SUM(F48:G48)+J48 -> 7 | I48: =COUNTIFS($B$2:$B$1075,B48,$H$2:$H$1075,">" & H48)+1 -> 4
A49: {=+INDEX(Partidas!$A:$J,MATCH('Resultados dashboard'!$B49,Partidas!$C:$C,0),2)} -> 45304 | B49: =+IF(COUNTIF($B$2:B48,B48)=VLOOKUP(B48,Partidas!$C:$J,8,0),B48+1,B48) -> 11 | C49: {=+INDEX(Partidas!$A:$J,MATCH('Resultados dashboard'!$B49,Partidas!$C:$C,0),3+COUNTIF($B$2:B49,'Resultados dashboard'!$B49))} -> Ivo | D49: 8 | G49: 1 | H49: =+SUM(D49:E49)+2*SUM(F49:G49)+J49 -> 10 | I49: =COUNTIFS($B$2:$B$1075,B49,$H$2:$H$1075,">" & H49)+1 -> 1
A50: {=+INDEX(Partidas!$A:$J,MATCH('Resultados dashboard'!$B50,Partidas!$C:$C,0),2)} -> 45304 | B50: =+IF(COUNTIF($B$2:B49,B49)=VLOOKUP(B49,Partidas!$C:$J,8,0),B49+1,B49) -> 11 | C50: {=+INDEX(Partidas!$A:$J,MATCH('Resultados dashboard'!$B50,Partidas!$C:$C,0),3+COUNTIF($B$2:B50,'Resultados dashboard'!$B50))} -> Gaspa | D50: 5 | H50: =+SUM(D50:E50)+2*SUM(F50:G50)+J50 -> 5 | I50: =COUNTIFS($B$2:$B$1075,B50,$H$2:$H$1075,">" & H50)+1 -> 6
A51: {=+INDEX(Partidas!$A:$J,MATCH('Resultados dashboard'!$B51,Partidas!$C:$C,0),2)} -> 45304 | B51: =+IF(COUNTIF($B$2:B50,B50)=VLOOKUP(B50,Partidas!$C:$J,8,0),B50+1,B50) -> 11 | C51: {=+INDEX(Partidas!$A:$J,MATCH('Resultados dashboard'!$B51,Partidas!$C:$C,0),3+COUNTIF($B$2:B51,'Resultados dashboard'!$B51))} -> Hugo | D51: 7 | E51: 1 | H51: =+SUM(D51:E51)+2*SUM(F51:G51)+J51 -> 8 | I51: =COUNTIFS($B$2:$B$1075,B51,$H$2:$H$1075,">" & H51)+1 -> 3
A52: {=+INDEX(Partidas!$A:$J,MATCH('Resultados dashboard'!$B52,Partidas!$C:$C,0),2)} -> 45304 | B52: =+IF(COUNTIF($B$2:B51,B51)=VLOOKUP(B51,Partidas!$C:$J,8,0),B51+1,B51) -> 11 | C52: {=+INDEX(Partidas!$A:$J,MATCH('Resultados dashboard'!$B52,Partidas!$C:$C,0),3+COUNTIF($B$2:B52,'Resultados dashboard'!$B52))} -> Rodri | D52: 5 | E52: 1 | H52: =+SUM(D52:E52)+2*SUM(F52:G52)+J52 -> 6 | I52: =COUNTIFS($B$2:$B$1075,B52,$H$2:$H$1075,">" & H52)+1 -> 5
A53: {=+INDEX(Partidas!$A:$J,MATCH('Resultados dashboard'!$B53,Partidas!$C:$C,0),2)} -> 45304 | B53: =+IF(COUNTIF($B$2:B52,B52)=VLOOKUP(B52,Partidas!$C:$J,8,0),B52+1,B52) -> 11 | C53: {=+INDEX(Partidas!$A:$J,MATCH('Resultados dashboard'!$B53,Partidas!$C:$C,0),3+COUNTIF($B$2:B53,'Resultados dashboard'!$B53))} -> Sofi | D53: 9 | H53: =+SUM(D53:E53)+2*SUM(F53:G53)+J53 -> 9 | I53: =COUNTIFS($B$2:$B$1075,B53,$H$2:$H$1075,">" & H53)+1 -> 2
A54: {=+INDEX(Partidas!$A:$J,MATCH('Resultados dashboard'!$B54,Partidas!$C:$C,0),2)} -> 45304 | B54: =+IF(COUNTIF($B$2:B53,B53)=VLOOKUP(B53,Partidas!$C:$J,8,0),B53+1,B53) -> 12 | C54: {=+INDEX(Partidas!$A:$J,MATCH('Resultados dashboard'!$B54,Partidas!$C:$C,0),3+COUNTIF($B$2:B54,'Resultados dashboard'!$B54))} -> Gallo | D54: 8 | E54: 1 | H54: =+SUM(D54:E54)+2*SUM(F54:G54)+J54 -> 9 | I54: =COUNTIFS($B$2:$B$1075,B54,$H$2:$H$1075,">" & H54)+1 -> 2
A55: {=+INDEX(Partidas!$A:$J,MATCH('Resultados dashboard'!$B55,Partidas!$C:$C,0),2)} -> 45304 | B55: =+IF(COUNTIF($B$2:B54,B54)=VLOOKUP(B54,Partidas!$C:$J,8,0),B54+1,B54) -> 12 | C55: {=+INDEX(Partidas!$A:$J,MATCH('Resultados dashboard'!$B55,Partidas!$C:$C,0),3+COUNTIF($B$2:B55,'Resultados dashboard'!$B55))} -> Ivo | D55: 7 | E55: 1 | G55: 1 | H55: =+SUM(D55:E55)+2*SUM(F55:G55)+J55 -> 10 | I55: =COUNTIFS($B$2:$B$1075,B55,$H$2:$H$1075,">" & H55)+1 -> 1
A56: {=+INDEX(Partidas!$A:$J,MATCH('Resultados dashboard'!$B56,Partidas!$C:$C,0),2)} -> 45304 | B56: =+IF(COUNTIF($B$2:B55,B55)=VLOOKUP(B55,Partidas!$C:$J,8,0),B55+1,B55) -> 12 | C56: {=+INDEX(Partidas!$A:$J,MATCH('Resultados dashboard'!$B56,Partidas!$C:$C,0),3+COUNTIF($B$2:B56,'Resultados dashboard'!$B56))} -> Gaspa | D56: 4 | E56: 1 | H56: =+SUM(D56:E56)+2*SUM(F56:G56)+J56 -> 5 | I56: =COUNTIFS($B$2:$B$1075,B56,$H$2:$H$1075,">" & H56)+1 -> 6
A57: {=+INDEX(Partidas!$A:$J,MATCH('Resultados dashboard'!$B57,Partidas!$C:$C,0),2)} -> 45304 | B57: =+IF(COUNTIF($B$2:B56,B56)=VLOOKUP(B56,Partidas!$C:$J,8,0),B56+1,B56) -> 12 | C57: {=+INDEX(Partidas!$A:$J,MATCH('Resultados dashboard'!$B57,Partidas!$C:$C,0),3+COUNTIF($B$2:B57,'Resultados dashboard'!$B57))} -> Hugo | D57: 5 | E57: 1 | H57: =+SUM(D57:E57)+2*SUM(F57:G57)+J57 -> 6 | I57: =COUNTIFS($B$2:$B$1075,B57,$H$2:$H$1075,">" & H57)+1 -> 4
A58: {=+INDEX(Partidas!$A:$J,MATCH('Resultados dashboard'!$B58,Partidas!$C:$C,0),2)} -> 45304 | B58: =+IF(COUNTIF($B$2:B57,B57)=VLOOKUP(B57,Partidas!$C:$J,8,0),B57+1,B57) -> 12 | C58: {=+INDEX(Partidas!$A:$J,MATCH('Resultados dashboard'!$B58,Partidas!$C:$C,0),3+COUNTIF($B$2:B58,'Resultados dashboard'!$B58))} -> Rodri | D58: 5 | E58: 1 | H58: =+SUM(D58:E58)+2*SUM(F58:G58)+J58 -> 6 | I58: =COUNTIFS($B$2:$B$1075,B58,$H$2:$H$1075,">" & H58)+1 -> 4
A59: {=+INDEX(Partidas!$A:$J,MATCH('Resultados dashboard'!$B59,Partidas!$C:$C,0),2)} -> 45304 | B59: =+IF(COUNTIF($B$2:B58,B58)=VLOOKUP(B58,Partidas!$C:$J,8,0),B58+1,B58) -> 12 | C59: {=+INDEX(Partidas!$A:$J,MATCH('Resultados dashboard'!$B59,Partidas!$C:$C,0),3+COUNTIF($B$2:B59,'Resultados dashboard'!$B59))} -> Sofi | D59: 5 | F59: 1 | H59: =+SUM(D59:E59)+2*SUM(F59:G59)+J59 -> 7 | I59: =COUNTIFS($B$2:$B$1075,B59,$H$2:$H$1075,">" & H59)+1 -> 3
A60: {=+INDEX(Partidas!$A:$J,MATCH('Resultados dashboard'!$B60,Partidas!$C:$C,0),2)} -> 45304 | B60: =+IF(COUNTIF($B$2:B59,B59)=VLOOKUP(B59,Partidas!$C:$J,8,0),B59+1,B59) -> 13 | C60: {=+INDEX(Partidas!$A:$J,MATCH('Resultados dashboard'!$B60,Partidas!$C:$C,0),3+COUNTIF($B$2:B60,'Resultados dashboard'!$B60))} -> Gallo | D60: 7 | E60: 1 | G60: 1 | H60: =+SUM(D60:E60)+2*SUM(F60:G60)+J60 -> 10 | I60: =COUNTIFS($B$2:$B$1075,B60,$H$2:$H$1075,">" & H60)+1 -> 1
A61: {=+INDEX(Partidas!$A:$J,MATCH('Resultados dashboard'!$B61,Partidas!$C:$C,0),2)} -> 45304 | B61: =+IF(COUNTIF($B$2:B60,B60)=VLOOKUP(B60,Partidas!$C:$J,8,0),B60+1,B60) -> 13 | C61: {=+INDEX(Partidas!$A:$J,MATCH('Resultados dashboard'!$B61,Partidas!$C:$C,0),3+COUNTIF($B$2:B61,'Resultados dashboard'!$B61))} -> Ivo | D61: 5 | E61: 1 | H61: =+SUM(D61:E61)+2*SUM(F61:G61)+J61 -> 6 | I61: =COUNTIFS($B$2:$B$1075,B61,$H$2:$H$1075,">" & H61)+1 -> 4
A62: {=+INDEX(Partidas!$A:$J,MATCH('Resultados dashboard'!$B62,Partidas!$C:$C,0),2)} -> 45304 | B62: =+IF(COUNTIF($B$2:B61,B61)=VLOOKUP(B61,Partidas!$C:$J,8,0),B61+1,B61) -> 13 | C62: {=+INDEX(Partidas!$A:$J,MATCH('Resultados dashboard'!$B62,Partidas!$C:$C,0),3+COUNTIF($B$2:B62,'Resultados dashboard'!$B62))} -> Gaspa | D62: 5 | F62: 1 | H62: =+SUM(D62:E62)+2*SUM(F62:G62)+J62 -> 7 | I62: =COUNTIFS($B$2:$B$1075,B62,$H$2:$H$1075,">" & H62)+1 -> 3
A63: {=+INDEX(Partidas!$A:$J,MATCH('Resultados dashboard'!$B63,Partidas!$C:$C,0),2)} -> 45304 | B63: =+IF(COUNTIF($B$2:B62,B62)=VLOOKUP(B62,Partidas!$C:$J,8,0),B62+1,B62) -> 13 | C63: {=+INDEX(Partidas!$A:$J,MATCH('Resultados dashboard'!$B63,Partidas!$C:$C,0),3+COUNTIF($B$2:B63,'Resultados dashboard'!$B63))} -> Hugo | D63: 5 | E63: 1 | H63: =+SUM(D63:E63)+2*SUM(F63:G63)+J63 -> 6 | I63: =COUNTIFS($B$2:$B$1075,B63,$H$2:$H$1075,">" & H63)+1 -> 4
A64: {=+INDEX(Partidas!$A:$J,MATCH('Resultados dashboard'!$B64,Partidas!$C:$C,0),2)} -> 45304 | B64: =+IF(COUNTIF($B$2:B63,B63)=VLOOKUP(B63,Partidas!$C:$J,8,0),B63+1,B63) -> 13 | C64: {=+INDEX(Partidas!$A:$J,MATCH('Resultados dashboard'!$B64,Partidas!$C:$C,0),3+COUNTIF($B$2:B64,'Resultados dashboard'!$B64))} -> Rodri | D64: 8 | H64: =+SUM(D64:E64)+2*SUM(F64:G64)+J64 -> 8 | I64: =COUNTIFS($B$2:$B$1075,B64,$H$2:$H$1075,">" & H64)+1 -> 2
A65: {=+INDEX(Partidas!$A:$J,MATCH('Resultados dashboard'!$B65,Partidas!$C:$C,0),2)} -> 45304 | B65: =+IF(COUNTIF($B$2:B64,B64)=VLOOKUP(B64,Partidas!$C:$J,8,0),B64+1,B64) -> 13 | C65: {=+INDEX(Partidas!$A:$J,MATCH('Resultados dashboard'!$B65,Partidas!$C:$C,0),3+COUNTIF($B$2:B65,'Resultados dashboard'!$B65))} -> Sofi | D65: 6 | H65: =+SUM(D65:E65)+2*SUM(F65:G65)+J65 -> 6 | I65: =COUNTIFS($B$2:$B$1075,B65,$H$2:$H$1075,">" & H65)+1 -> 4
A66: {=+INDEX(Partidas!$A:$J,MATCH('Resultados dashboard'!$B66,Partidas!$C:$C,0),2)} -> 45304 | B66: =+IF(COUNTIF($B$2:B65,B65)=VLOOKUP(B65,Partidas!$C:$J,8,0),B65+1,B65) -> 14 | C66: {=+INDEX(Partidas!$A:$J,MATCH('Resultados dashboard'!$B66,Partidas!$C:$C,0),3+COUNTIF($B$2:B66,'Resultados dashboard'!$B66))} -> Gallo | D66: 6 | H66: =+SUM(D66:E66)+2*SUM(F66:G66)+J66 -> 6 | I66: =COUNTIFS($B$2:$B$1075,B66,$H$2:$H$1075,">" & H66)+1 -> 3
A67: {=+INDEX(Partidas!$A:$J,MATCH('Resultados dashboard'!$B67,Partidas!$C:$C,0),2)} -> 45304 | B67: =+IF(COUNTIF($B$2:B66,B66)=VLOOKUP(B66,Partidas!$C:$J,8,0),B66+1,B66) -> 14 | C67: {=+INDEX(Partidas!$A:$J,MATCH('Resultados dashboard'!$B67,Partidas!$C:$C,0),3+COUNTIF($B$2:B67,'Resultados dashboard'!$B67))} -> Ivo | D67: 4 | E67: 2 | F67: 1 | G67: 1 | H67: =+SUM(D67:E67)+2*SUM(F67:G67)+J67 -> 10 | I67: =COUNTIFS($B$2:$B$1075,B67,$H$2:$H$1075,">" & H67)+1 -> 1
A68: {=+INDEX(Partidas!$A:$J,MATCH('Resultados dashboard'!$B68,Partidas!$C:$C,0),2)} -> 45304 | B68: =+IF(COUNTIF($B$2:B67,B67)=VLOOKUP(B67,Partidas!$C:$J,8,0),B67+1,B67) -> 14 | C68: {=+INDEX(Partidas!$A:$J,MATCH('Resultados dashboard'!$B68,Partidas!$C:$C,0),3+COUNTIF($B$2:B68,'Resultados dashboard'!$B68))} -> Gaspa | D68: 5 | H68: =+SUM(D68:E68)+2*SUM(F68:G68)+J68 -> 5 | I68: =COUNTIFS($B$2:$B$1075,B68,$H$2:$H$1075,">" & H68)+1 -> 4
A69: {=+INDEX(Partidas!$A:$J,MATCH('Resultados dashboard'!$B69,Partidas!$C:$C,0),2)} -> 45304 | B69: =+IF(COUNTIF($B$2:B68,B68)=VLOOKUP(B68,Partidas!$C:$J,8,0),B68+1,B68) -> 14 | C69: {=+INDEX(Partidas!$A:$J,MATCH('Resultados dashboard'!$B69,Partidas!$C:$C,0),3+COUNTIF($B$2:B69,'Resultados dashboard'!$B69))} -> Sofi | D69: 6 | E69: 1 | H69: =+SUM(D69:E69)+2*SUM(F69:G69)+J69 -> 7 | I69: =COUNTIFS($B$2:$B$1075,B69,$H$2:$H$1075,">" & H69)+1 -> 2
A70: {=+INDEX(Partidas!$A:$J,MATCH('Resultados dashboard'!$B70,Partidas!$C:$C,0),2)} -> 45310 | B70: =+IF(COUNTIF($B$2:B69,B69)=VLOOKUP(B69,Partidas!$C:$J,8,0),B69+1,B69) -> 15 | C70: {=+INDEX(Partidas!$A:$J,MATCH('Resultados dashboard'!$B70,Partidas!$C:$C,0),3+COUNTIF($B$2:B70,'Resultados dashboard'!$B70))} -> Gallo | D70: 6 | E70: 1 | H70: =+SUM(D70:E70)+2*SUM(F70:G70)+J70 -> 7 | I70: =COUNTIFS($B$2:$B$1075,B70,$H$2:$H$1075,">" & H70)+1 -> 2
A71: {=+INDEX(Partidas!$A:$J,MATCH('Resultados dashboard'!$B71,Partidas!$C:$C,0),2)} -> 45310 | B71: =+IF(COUNTIF($B$2:B70,B70)=VLOOKUP(B70,Partidas!$C:$J,8,0),B70+1,B70) -> 15 | C71: {=+INDEX(Partidas!$A:$J,MATCH('Resultados dashboard'!$B71,Partidas!$C:$C,0),3+COUNTIF($B$2:B71,'Resultados dashboard'!$B71))} -> Ivo | D71: 5 | E71: 1 | H71: =+SUM(D71:E71)+2*SUM(F71:G71)+J71 -> 6 | I71: =COUNTIFS($B$2:$B$1075,B71,$H$2:$H$1075,">" & H71)+1 -> 4
A72: {=+INDEX(Partidas!$A:$J,MATCH('Resultados dashboard'!$B72,Partidas!$C:$C,0),2)} -> 45310 | B72: =+IF(COUNTIF($B$2:B71,B71)=VLOOKUP(B71,Partidas!$C:$J,8,0),B71+1,B71) -> 15 | C72: {=+INDEX(Partidas!$A:$J,MATCH('Resultados dashboard'!$B72,Partidas!$C:$C,0),3+COUNTIF($B$2:B72,'Resultados dashboard'!$B72))} -> Hugo | D72: 4 | E72: 1 | F72: 1 | H72: =+SUM(D72:E72)+2*SUM(F72:G72)+J72 -> 7 | I72: =COUNTIFS($B$2:$B$1075,B72,$H$2:$H$1075,">" & H72)+1 -> 2
A73: {=+INDEX(Partidas!$A:$J,MATCH('Resultados dashboard'!$B73,Partidas!$C:$C,0),2)} -> 45310 | B73: =+IF(COUNTIF($B$2:B72,B72)=VLOOKUP(B72,Partidas!$C:$J,8,0),B72+1,B72) -> 15 | C73: {=+INDEX(Partidas!$A:$J,MATCH('Resultados dashboard'!$B73,Partidas!$C:$C,0),3+COUNTIF($B$2:B73,'Resultados dashboard'!$B73))} -> Sofi | D73: 7 | E73: 1 | G73: 1 | H73: =+SUM(D73:E73)+2*SUM(F73:G73)+J73 -> 10 | I73: =COUNTIFS($B$2:$B$1075,B73,$H$2:$H$1075,">" & H73)+1 -> 1
A74: {=+INDEX(Partidas!$A:$J,MATCH('Resultados dashboard'!$B74,Partidas!$C:$C,0),2)} -> 45310 | B74: =+IF(COUNTIF($B$2:B73,B73)=VLOOKUP(B73,Partidas!$C:$J,8,0),B73+1,B73) -> 16 | C74: {=+INDEX(Partidas!$A:$J,MATCH('Resultados dashboard'!$B74,Partidas!$C:$C,0),3+COUNTIF($B$2:B74,'Resultados dashboard'!$B74))} -> Gallo | D74: 6 | E74: 1 | H74: =+SUM(D74:E74)+2*SUM(F74:G74)+J74 -> 7 | I74: =COUNTIFS($B$2:$B$1075,B74,$H$2:$H$1075,">" & H74)+1 -> 2
A75: {=+INDEX(Partidas!$A:$J,MATCH('Resultados dashboard'!$B75,Partidas!$C:$C,0),2)} -> 45310 | B75: =+IF(COUNTIF($B$2:B74,B74)=VLOOKUP(B74,Partidas!$C:$J,8,0),B74+1,B74) -> 16 | C75: {=+INDEX(Partidas!$A:$J,MATCH('Resultados dashboard'!$B75,Partidas!$C:$C,0),3+COUNTIF($B$2:B75,'Resultados dashboard'!$B75))} -> Ivo | D75: 6 | E75: 1 | H75: =+SUM(D75:E75)+2*SUM(F75:G75)+J75 -> 7 | I75: =COUNTIFS($B$2:$B$1075,B75,$H$2:$H$1075,">" & H75)+1 -> 2
A76: {=+INDEX(Partidas!$A:$J,MATCH('Resultados dashboard'!$B76,Partidas!$C:$C,0),2)} -> 45310 | B76: =+IF(COUNTIF($B$2:B75,B75)=VLOOKUP(B75,Partidas!$C:$J,8,0),B75+1,B75) -> 16 | C76: {=+INDEX(Partidas!$A:$J,MATCH('Resultados dashboard'!$B76,Partidas!$C:$C,0),3+COUNTIF($B$2:B76,'Resultados dashboard'!$B76))} -> Hugo | D76: 7 | E76: 1 | F76: 1 | H76: =+SUM(D76:E76)+2*SUM(F76:G76)+J76 -> 10 | I76: =COUNTIFS($B$2:$B$1075,B76,$H$2:$H$1075,">" & H76)+1 -> 1
A77: {=+INDEX(Partidas!$A:$J,MATCH('Resultados dashboard'!$B77,Partidas!$C:$C,0),2)} -> 45310 | B77: =+IF(COUNTIF($B$2:B76,B76)=VLOOKUP(B76,Partidas!$C:$J,8,0),B76+1,B76) -> 16 | C77: {=+INDEX(Partidas!$A:$J,MATCH('Resultados dashboard'!$B77,Partidas!$C:$C,0),3+COUNTIF($B$2:B77,'Resultados dashboard'!$B77))} -> Sofi | D77: 5 | G77: 1 | H77: =+SUM(D77:E77)+2*SUM(F77:G77)+J77 -> 7 | I77: =COUNTIFS($B$2:$B$1075,B77,$H$2:$H$1075,">" & H77)+1 -> 2
A78: {=+INDEX(Partidas!$A:$J,MATCH('Resultados dashboard'!$B78,Partidas!$C:$C,0),2)} -> 45315 | B78: =+IF(COUNTIF($B$2:B77,B77)=VLOOKUP(B77,Partidas!$C:$J,8,0),B77+1,B77) -> 17 | C78: {=+INDEX(Partidas!$A:$J,MATCH('Resultados dashboard'!$B78,Partidas!$C:$C,0),3+COUNTIF($B$2:B78,'Resultados dashboard'!$B78))} -> Ivo | D78: 5 | E78: 1 | G78: 1 | H78: =+SUM(D78:E78)+2*SUM(F78:G78)+J78 -> 8 | I78: =COUNTIFS($B$2:$B$1075,B78,$H$2:$H$1075,">" & H78)+1 -> 4
A79: {=+INDEX(Partidas!$A:$J,MATCH('Resultados dashboard'!$B79,Partidas!$C:$C,0),2)} -> 45315 | B79: =+IF(COUNTIF($B$2:B78,B78)=VLOOKUP(B78,Partidas!$C:$J,8,0),B78+1,B78) -> 17 | C79: {=+INDEX(Partidas!$A:$J,MATCH('Resultados dashboard'!$B79,Partidas!$C:$C,0),3+COUNTIF($B$2:B79,'Resultados dashboard'!$B79))} -> Hugo | D79: 9 | H79: =+SUM(D79:E79)+2*SUM(F79:G79)+J79 -> 9 | I79: =COUNTIFS($B$2:$B$1075,B79,$H$2:$H$1075,">" & H79)+1 -> 2
A80: {=+INDEX(Partidas!$A:$J,MATCH('Resultados dashboard'!$B80,Partidas!$C:$C,0),2)} -> 45315 | B80: =+IF(COUNTIF($B$2:B79,B79)=VLOOKUP(B79,Partidas!$C:$J,8,0),B79+1,B79) -> 17 | C80: {=+INDEX(Partidas!$A:$J,MATCH('Resultados dashboard'!$B80,Partidas!$C:$C,0),3+COUNTIF($B$2:B80,'Resultados dashboard'!$B80))} -> Gaspa | D80: 7 | E80: 1 | F80: 1 | H80: =+SUM(D80:E80)+2*SUM(F80:G80)+J80 -> 10 | I80: =COUNTIFS($B$2:$B$1075,B80,$H$2:$H$1075,">" & H80)+1 -> 1
A81: {=+INDEX(Partidas!$A:$J,MATCH('Resultados dashboard'!$B81,Partidas!$C:$C,0),2)} -> 45315 | B81: =+IF(COUNTIF($B$2:B80,B80)=VLOOKUP(B80,Partidas!$C:$J,8,0),B80+1,B80) -> 17 | C81: {=+INDEX(Partidas!$A:$J,MATCH('Resultados dashboard'!$B81,Partidas!$C:$C,0),3+COUNTIF($B$2:B81,'Resultados dashboard'!$B81))} -> Max | D81: 6 | E81: 3 | H81: =+SUM(D81:E81)+2*SUM(F81:G81)+J81 -> 9 | I81: =COUNTIFS($B$2:$B$1075,B81,$H$2:$H$1075,">" & H81)+1 -> 2
A82: {=+INDEX(Partidas!$A:$J,MATCH('Resultados dashboard'!$B82,Partidas!$C:$C,0),2)} -> 45315 | B82: =+IF(COUNTIF($B$2:B81,B81)=VLOOKUP(B81,Partidas!$C:$J,8,0),B81+1,B81) -> 18 | C82: {=+INDEX(Partidas!$A:$J,MATCH('Resultados dashboard'!$B82,Partidas!$C:$C,0),3+COUNTIF($B$2:B82,'Resultados dashboard'!$B82))} -> Ivo | D82: 4 | H82: =+SUM(D82:E82)+2*SUM(F82:G82)+J82 -> 4 | I82: =COUNTIFS($B$2:$B$1075,B82,$H$2:$H$1075,">" & H82)+1 -> 3
A83: {=+INDEX(Partidas!$A:$J,MATCH('Resultados dashboard'!$B83,Partidas!$C:$C,0),2)} -> 45315 | B83: =+IF(COUNTIF($B$2:B82,B82)=VLOOKUP(B82,Partidas!$C:$J,8,0),B82+1,B82) -> 18 | C83: {=+INDEX(Partidas!$A:$J,MATCH('Resultados dashboard'!$B83,Partidas!$C:$C,0),3+COUNTIF($B$2:B83,'Resultados dashboard'!$B83))} -> Hugo | D83: 4 | E83: 1 | H83: =+SUM(D83:E83)+2*SUM(F83:G83)+J83 -> 5 | I83: =COUNTIFS($B$2:$B$1075,B83,$H$2:$H$1075,">" & H83)+1 -> 2
A84: {=+INDEX(Partidas!$A:$J,MATCH('Resultados dashboard'!$B84,Partidas!$C:$C,0),2)} -> 45315 | B84: =+IF(COUNTIF($B$2:B83,B83)=VLOOKUP(B83,Partidas!$C:$J,8,0),B83+1,B83) -> 18 | C84: {=+INDEX(Partidas!$A:$J,MATCH('Resultados dashboard'!$B84,Partidas!$C:$C,0),3+COUNTIF($B$2:B84,'Resultados dashboard'!$B84))} -> Gaspa | D84: 4 | H84: =+SUM(D84:E84)+2*SUM(F84:G84)+J84 -> 4 | I84: =COUNTIFS($B$2:$B$1075,B84,$H$2:$H$1075,">" & H84)+1 -> 3
A85: {=+INDEX(Partidas!$A:$J,MATCH('Resultados dashboard'!$B85,Partidas!$C:$C,0),2)} -> 45315 | B85: =+IF(COUNTIF($B$2:B84,B84)=VLOOKUP(B84,Partidas!$C:$J,8,0),B84+1,B84) -> 18 | C85: {=+INDEX(Partidas!$A:$J,MATCH('Resultados dashboard'!$B85,Partidas!$C:$C,0),3+COUNTIF($B$2:B85,'Resultados dashboard'!$B85))} -> Max | D85: 8 | G85: 1 | H85: =+SUM(D85:E85)+2*SUM(F85:G85)+J85 -> 10 | I85: =COUNTIFS($B$2:$B$1075,B85,$H$2:$H$1075,">" & H85)+1 -> 1
A86: {=+INDEX(Partidas!$A:$J,MATCH('Resultados dashboard'!$B86,Partidas!$C:$C,0),2)} -> 45315 | B86: =+IF(COUNTIF($B$2:B85,B85)=VLOOKUP(B85,Partidas!$C:$J,8,0),B85+1,B85) -> 19 | C86: {=+INDEX(Partidas!$A:$J,MATCH('Resultados dashboard'!$B86,Partidas!$C:$C,0),3+COUNTIF($B$2:B86,'Resultados dashboard'!$B86))} -> Ivo | D86: 6 | E86: 2 | F86: 1 | H86: =+SUM(D86:E86)+2*SUM(F86:G86)+J86 -> 10 | I86: =COUNTIFS($B$2:$B$1075,B86,$H$2:$H$1075,">" & H86)+1 -> 1
A87: {=+INDEX(Partidas!$A:$J,MATCH('Resultados dashboard'!$B87,Partidas!$C:$C,0),2)} -> 45315 | B87: =+IF(COUNTIF($B$2:B86,B86)=VLOOKUP(B86,Partidas!$C:$J,8,0),B86+1,B86) -> 19 | C87: {=+INDEX(Partidas!$A:$J,MATCH('Resultados dashboard'!$B87,Partidas!$C:$C,0),3+COUNTIF($B$2:B87,'Resultados dashboard'!$B87))} -> Hugo | D87: 4 | E87: 1 | H87: =+SUM(D87:E87)+2*SUM(F87:G87)+J87 -> 5 | I87: =COUNTIFS($B$2:$B$1075,B87,$H$2:$H$1075,">" & H87)+1 -> 2
A88: {=+INDEX(Partidas!$A:$J,MATCH('Resultados dashboard'!$B88,Partidas!$C:$C,0),2)} -> 45315 | B88: =+IF(COUNTIF($B$2:B87,B87)=VLOOKUP(B87,Partidas!$C:$J,8,0),B87+1,B87) -> 19 | C88: {=+INDEX(Partidas!$A:$J,MATCH('Resultados dashboard'!$B88,Partidas!$C:$C,0),3+COUNTIF($B$2:B88,'Resultados dashboard'!$B88))} -> Gaspa | D88: 3 | G88: 1 | H88: =+SUM(D88:E88)+2*SUM(F88:G88)+J88 -> 5 | I88: =COUNTIFS($B$2:$B$1075,B88,$H$2:$H$1075,">" & H88)+1 -> 2
A89: {=+INDEX(Partidas!$A:$J,MATCH('Resultados dashboard'!$B89,Partidas!$C:$C,0),2)} -> 45315 | B89: =+IF(COUNTIF($B$2:B88,B88)=VLOOKUP(B88,Partidas!$C:$J,8,0),B88+1,B88) -> 19 | C89: {=+INDEX(Partidas!$A:$J,MATCH('Resultados dashboard'!$B89,Partidas!$C:$C,0),3+COUNTIF($B$2:B89,'Resultados dashboard'!$B89))} -> Max | D89: 4 | H89: =+SUM(D89:E89)+2*SUM(F89:G89)+J89 -> 4 | I89: =COUNTIFS($B$2:$B$1075,B89,$H$2:$H$1075,">" & H89)+1 -> 4
A90: {=+INDEX(Partidas!$A:$J,MATCH('Resultados dashboard'!$B90,Partidas!$C:$C,0),2)} -> 45325 | B90: =+IF(COUNTIF($B$2:B89,B89)=VLOOKUP(B89,Partidas!$C:$J,8,0),B89+1,B89) -> 20 | C90: {=+INDEX(Partidas!$A:$J,MATCH('Resultados dashboard'!$B90,Partidas!$C:$C,0),3+COUNTIF($B$2:B90,'Resultados dashboard'!$B90))} -> Gallo | D90: 8 | E90: 1 | H90: =+SUM(D90:E90)+2*SUM(F90:G90)+J90 -> 9 | I90: =COUNTIFS($B$2:$B$1075,B90,$H$2:$H$1075,">" & H90)+1 -> 2
A91: {=+INDEX(Partidas!$A:$J,MATCH('Resultados dashboard'!$B91,Partidas!$C:$C,0),2)} -> 45325 | B91: =+IF(COUNTIF($B$2:B90,B90)=VLOOKUP(B90,Partidas!$C:$J,8,0),B90+1,B90) -> 20 | C91: {=+INDEX(Partidas!$A:$J,MATCH('Resultados dashboard'!$B91,Partidas!$C:$C,0),3+COUNTIF($B$2:B91,'Resultados dashboard'!$B91))} -> Max | D91: 4 | H91: =+SUM(D91:E91)+2*SUM(F91:G91)+J91 -> 4 | I91: =COUNTIFS($B$2:$B$1075,B91,$H$2:$H$1075,">" & H91)+1 -> 6
A92: {=+INDEX(Partidas!$A:$J,MATCH('Resultados dashboard'!$B92,Partidas!$C:$C,0),2)} -> 45325 | B92: =+IF(COUNTIF($B$2:B91,B91)=VLOOKUP(B91,Partidas!$C:$J,8,0),B91+1,B91) -> 20 | C92: {=+INDEX(Partidas!$A:$J,MATCH('Resultados dashboard'!$B92,Partidas!$C:$C,0),3+COUNTIF($B$2:B92,'Resultados dashboard'!$B92))} -> Gaspa | D92: 6 | H92: =+SUM(D92:E92)+2*SUM(F92:G92)+J92 -> 6 | I92: =COUNTIFS($B$2:$B$1075,B92,$H$2:$H$1075,">" & H92)+1 -> 3
A93: {=+INDEX(Partidas!$A:$J,MATCH('Resultados dashboard'!$B93,Partidas!$C:$C,0),2)} -> 45325 | B93: =+IF(COUNTIF($B$2:B92,B92)=VLOOKUP(B92,Partidas!$C:$J,8,0),B92+1,B92) -> 20 | C93: {=+INDEX(Partidas!$A:$J,MATCH('Resultados dashboard'!$B93,Partidas!$C:$C,0),3+COUNTIF($B$2:B93,'Resultados dashboard'!$B93))} -> Hugo | D93: 5 | H93: =+SUM(D93:E93)+2*SUM(F93:G93)+J93 -> 5 | I93: =COUNTIFS($B$2:$B$1075,B93,$H$2:$H$1075,">" & H93)+1 -> 5
A94: {=+INDEX(Partidas!$A:$J,MATCH('Resultados dashboard'!$B94,Partidas!$C:$C,0),2)} -> 45325 | B94: =+IF(COUNTIF($B$2:B93,B93)=VLOOKUP(B93,Partidas!$C:$J,8,0),B93+1,B93) -> 20 | C94: {=+INDEX(Partidas!$A:$J,MATCH('Resultados dashboard'!$B94,Partidas!$C:$C,0),3+COUNTIF($B$2:B94,'Resultados dashboard'!$B94))} -> Ivo | D94: 6 | H94: =+SUM(D94:E94)+2*SUM(F94:G94)+J94 -> 6 | I94: =COUNTIFS($B$2:$B$1075,B94,$H$2:$H$1075,">" & H94)+1 -> 3
A95: {=+INDEX(Partidas!$A:$J,MATCH('Resultados dashboard'!$B95,Partidas!$C:$C,0),2)} -> 45325 | B95: =+IF(COUNTIF($B$2:B94,B94)=VLOOKUP(B94,Partidas!$C:$J,8,0),B94+1,B94) -> 20 | C95: {=+INDEX(Partidas!$A:$J,MATCH('Resultados dashboard'!$B95,Partidas!$C:$C,0),3+COUNTIF($B$2:B95,'Resultados dashboard'!$B95))} -> Rodri | D95: 8 | G95: 1 | H95: =+SUM(D95:E95)+2*SUM(F95:G95)+J95 -> 10 | I95: =COUNTIFS($B$2:$B$1075,B95,$H$2:$H$1075,">" & H95)+1 -> 1
A96: {=+INDEX(Partidas!$A:$J,MATCH('Resultados dashboard'!$B96,Partidas!$C:$C,0),2)} -> 45325 | B96: =+IF(COUNTIF($B$2:B95,B95)=VLOOKUP(B95,Partidas!$C:$J,8,0),B95+1,B95) -> 21 | C96: {=+INDEX(Partidas!$A:$J,MATCH('Resultados dashboard'!$B96,Partidas!$C:$C,0),3+COUNTIF($B$2:B96,'Resultados dashboard'!$B96))} -> Hugo | D96: 6 | H96: =+SUM(D96:E96)+2*SUM(F96:G96)+J96 -> 6 | I96: =COUNTIFS($B$2:$B$1075,B96,$H$2:$H$1075,">" & H96)+1 -> 2
A97: {=+INDEX(Partidas!$A:$J,MATCH('Resultados dashboard'!$B97,Partidas!$C:$C,0),2)} -> 45325 | B97: =+IF(COUNTIF($B$2:B96,B96)=VLOOKUP(B96,Partidas!$C:$J,8,0),B96+1,B96) -> 21 | C97: {=+INDEX(Partidas!$A:$J,MATCH('Resultados dashboard'!$B97,Partidas!$C:$C,0),3+COUNTIF($B$2:B97,'Resultados dashboard'!$B97))} -> Ivo | D97: 5 | E97: 1 | H97: =+SUM(D97:E97)+2*SUM(F97:G97)+J97 -> 6 | I97: =COUNTIFS($B$2:$B$1075,B97,$H$2:$H$1075,">" & H97)+1 -> 2
A98: {=+INDEX(Partidas!$A:$J,MATCH('Resultados dashboard'!$B98,Partidas!$C:$C,0),2)} -> 45325 | B98: =+IF(COUNTIF($B$2:B97,B97)=VLOOKUP(B97,Partidas!$C:$J,8,0),B97+1,B97) -> 21 | C98: {=+INDEX(Partidas!$A:$J,MATCH('Resultados dashboard'!$B98,Partidas!$C:$C,0),3+COUNTIF($B$2:B98,'Resultados dashboard'!$B98))} -> Max | D98: 5 | H98: =+SUM(D98:E98)+2*SUM(F98:G98)+J98 -> 5 | I98: =COUNTIFS($B$2:$B$1075,B98,$H$2:$H$1075,">" & H98)+1 -> 4
A99: {=+INDEX(Partidas!$A:$J,MATCH('Resultados dashboard'!$B99,Partidas!$C:$C,0),2)} -> 45325 | B99: =+IF(COUNTIF($B$2:B98,B98)=VLOOKUP(B98,Partidas!$C:$J,8,0),B98+1,B98) -> 21 | C99: {=+INDEX(Partidas!$A:$J,MATCH('Resultados dashboard'!$B99,Partidas!$C:$C,0),3+COUNTIF($B$2:B99,'Resultados dashboard'!$B99))} -> Rodri | D99: 6 | F99: 1 | G99: 1 | H99: =+SUM(D99:E99)+2*SUM(F99:G99)+J99 -> 10 | I99: =COUNTIFS($B$2:$B$1075,B99,$H$2:$H$1075,">" & H99)+1 -> 1
A100: {=+INDEX(Partidas!$A:$J,MATCH('Resultados dashboard'!$B100,Partidas!$C:$C,0),2)} -> 45325 | B100: =+IF(COUNTIF($B$2:B99,B99)=VLOOKUP(B99,Partidas!$C:$J,8,0),B99+1,B99) -> 21 | C100: {=+INDEX(Partidas!$A:$J,MATCH('Resultados dashboard'!$B100,Partidas!$C:$C,0),3+COUNTIF($B$2:B100,'Resultados dashboard'!$B100))} -> Cami (prima Hugo) | D100: 3 | H100: =+SUM(D100:E100)+2*SUM(F100:G100)+J100 -> 3 | I100: =COUNTIFS($B$2:$B$1075,B100,$H$2:$H$1075,">" & H100)+1 -> 5
...
